56	\N	web2print	container	\N	1491566389		\N	0
61	\N	web2print	default	\N	1481296907		\N	0
62	\N	web2print	default	\N	1500014562		\N	0
63	\N	web2print	container	\N	1481548449		\N	0
64	\N	web2print	container	\N	\N	\N	\N	0
65	\N	web2print	container	\N	\N	\N	\N	0
66	\N	web2print	container	\N	1481728973		\N	0
67	\N	web2print	default	\N	1482156736		\N	0
68	\N	web2print	default	\N	1482157720		\N	0
69	\N	web2print	default	\N	1504118355		\N	0
70	\N	web2print	default	\N	1482156707		\N	0
71	\N	web2print	default	\N	1482156767		\N	0
72	\N	web2print	default	\N	1481534157		\N	0
73	\N	web2print	default	\N	1482157667		\N	0
